text,href
清圣祖,/wiki/%E5%BA%B7%E7%86%99%E5%B8%9D
清高宗,/wiki/%E4%B9%BE%E9%9A%86%E5%B8%9D
夏仁宗,/wiki/%E6%9D%8E%E4%BB%81%E5%AD%9D
汉世宗,/wiki/%E6%B1%89%E4%B8%96%E5%AE%97
汉武帝,/wiki/%E6%BC%A2%E6%AD%A6%E5%B8%9D
夏崇宗,/wiki/%E6%9D%8E%E4%B9%BE%E9%A0%86
辽圣宗,/wiki/%E9%81%BC%E8%81%96%E5%AE%97
明神宗,/wiki/%E6%98%8E%E7%A5%9E%E5%AE%97
梁高祖,/wiki/%E6%A2%81%E6%AD%A6%E5%B8%9D
辽道宗,/wiki/%E9%81%BC%E9%81%93%E5%AE%97
明世宗,/wiki/%E6%98%8E%E4%B8%96%E5%AE%97
嘉靖帝,/wiki/%E5%98%89%E9%9D%96%E5%B8%9D
唐玄宗,/wiki/%E5%94%90%E7%8E%84%E5%AE%97
宋仁宗,/wiki/%E5%AE%8B%E4%BB%81%E5%AE%97
汉怀帝,/wiki/%E6%BC%A2%E6%87%B7%E5%B8%9D
宋理宗,/wiki/%E5%AE%8B%E7%90%86%E5%AE%97
元惠宗,/wiki/%E5%85%83%E6%83%A0%E5%AE%97
宋高宗,/wiki/%E5%AE%8B%E9%AB%98%E5%AE%97
唐高宗,/wiki/%E5%94%90%E9%AB%98%E5%AE%97
元世祖,/wiki/%E5%BF%BD%E5%BF%85%E7%83%88
清德宗,/wiki/%E5%85%89%E7%BB%AA%E5%B8%9D
汉光武帝,/wiki/%E6%B1%89%E5%85%89%E6%AD%A6%E5%B8%9D
汉献帝,/wiki/%E6%BC%A2%E7%8D%BB%E5%B8%9D
后蜀后主,/wiki/%E5%90%8E%E8%9C%80%E5%90%8E%E4%B8%BB
宋宁宗,/wiki/%E5%AE%8B%E5%AF%A7%E5%AE%97
明太祖,/wiki/%E6%9C%B1%E5%85%83%E7%92%8B
清宣宗,/wiki/%E9%81%93%E5%85%89%E5%B8%9D
北魏太武帝,/wiki/%E9%AD%8F%E5%A4%AA%E6%AD%A6%E5%B8%9D
宋太祖,/wiki/%E5%AE%8B%E6%96%87%E5%B8%9D
成太宗,/wiki/%E6%9D%8E%E9%9B%84_(%E5%8D%81%E5%85%AD%E5%9C%8B)
前秦世祖,/wiki/%E8%8B%BB%E5%9D%9A
北魏孝文帝,/wiki/%E9%AD%8F%E5%AD%9D%E6%96%87%E5%B8%9D
金世宗,/wiki/%E9%87%91%E4%B8%96%E5%AE%97
宋孝宗,/wiki/%E5%AE%8B%E5%AD%9D%E5%AE%97
汉成帝,/wiki/%E6%B1%89%E6%88%90%E5%B8%9D
唐德宗,/wiki/%E5%94%90%E5%BE%B7%E5%AE%97
宋徽宗,/wiki/%E5%AE%8B%E5%BE%BD%E5%AE%97
汉宣帝,/wiki/%E6%B1%89%E5%AE%A3%E5%B8%9D
晋世祖,/wiki/%E6%99%8B%E4%B8%96%E7%A5%96
宋真宗,/wiki/%E5%AE%8B%E7%9C%9F%E5%AE%97
南汉高祖,/wiki/%E5%8D%97%E6%B1%89%E9%AB%98%E7%A5%96
清仁宗,/wiki/%E5%98%89%E6%85%B6%E5%B8%9D
晋孝武帝,/wiki/%E6%99%8B%E5%AD%9D%E6%AD%A6%E5%B8%9D
隋高祖,/wiki/%E9%9A%8B%E9%AB%98%E7%A5%96
辽兴宗,/wiki/%E8%BE%BD%E5%85%B4%E5%AE%97
辽天祚帝,/wiki/%E8%BE%BD%E5%A4%A9%E7%A5%9A%E5%B8%9D
北魏道武帝,/wiki/%E9%AD%8F%E9%81%93%E6%AD%A6%E5%B8%9D
明宪宗,/wiki/%E6%98%8E%E5%AE%AA%E5%AE%97
孙权,/wiki/%E5%AD%99%E6%9D%83
唐太宗,/wiki/%E5%94%90%E5%A4%AA%E5%AE%97
汉太宗,/wiki/%E6%B1%89%E5%A4%AA%E5%AE%97
梁明帝,/wiki/%E6%A2%81%E6%98%8E%E5%B8%9D
后秦高祖,/wiki/%E5%A7%9A%E5%85%B4
晋安帝,/wiki/%E6%99%8B%E5%AE%89%E5%B8%9D
明成祖,/wiki/%E6%98%8E%E6%88%90%E7%A5%96
明英宗,/wiki/%E6%98%8E%E8%8B%B1%E5%AE%97
汉桓帝,/wiki/%E6%B1%89%E6%A1%93%E5%B8%9D
汉灵帝,/wiki/%E6%B1%89%E7%81%B5%E5%B8%9D
宋太宗,/wiki/%E5%AE%8B%E5%A4%AA%E5%AE%97
北燕太祖,/wiki/%E9%A6%AE%E8%B7%8B
金章宗,/wiki/%E9%87%91%E7%AB%A0%E5%AE%97
辽太宗,/wiki/%E9%81%BC%E5%A4%AA%E5%AE%97
汉安帝,/wiki/%E6%B1%89%E5%AE%89%E5%B8%9D
汉顺帝,/wiki/%E6%B1%89%E9%A1%BA%E5%B8%9D
汉明帝,/wiki/%E6%B1%89%E6%98%8E%E5%B8%9D
宋神宗,/wiki/%E5%AE%8B%E7%A5%9E%E5%AE%97
李璟,/wiki/%E6%9D%8E%E7%92%9F
周武帝,/wiki/%E5%91%A8%E6%AD%A6%E5%B8%9D
赫连勃勃,/wiki/%E8%B5%AB%E8%BF%9E%E5%8B%83%E5%8B%83
明孝宗,/wiki/%E6%98%8E%E5%AD%9D%E5%AE%97
清世祖,/wiki/%E6%B8%85%E4%B8%96%E7%A5%96
汉和帝,/wiki/%E6%B1%89%E5%92%8C%E5%B8%9D
辽穆宗,/wiki/%E8%BE%BD%E7%A9%86%E5%AE%97
唐代宗,/wiki/%E5%94%90%E4%BB%A3%E5%AE%97
陈宣帝,/wiki/%E9%99%88%E5%AE%A3%E5%B8%9D
清太宗,/wiki/%E6%B8%85%E5%A4%AA%E5%AE%97
晋成帝,/wiki/%E6%99%8B%E6%88%90%E5%B8%9D
晋穆帝,/wiki/%E6%99%8B%E7%A9%86%E5%B8%9D
明思宗,/wiki/%E6%98%8E%E6%80%9D%E5%AE%97
晋惠帝,/wiki/%E6%99%8B%E6%83%A0%E5%B8%9D
宋太祖,/wiki/%E5%AE%8B%E5%A4%AA%E7%A5%96
唐昭宗,/wiki/%E5%94%90%E6%98%AD%E5%AE%97
元宝炬,/wiki/%E5%85%83%E5%AE%9D%E7%82%AC
汉景帝,/wiki/%E6%B1%89%E6%99%AF%E5%B8%9D
汉元帝,/wiki/%E6%B1%89%E5%85%83%E5%B8%9D
明武宗,/wiki/%E6%98%8E%E6%AD%A6%E5%AE%97
孙皓,/wiki/%E5%AD%99%E7%9A%93
魏宣武帝,/wiki/%E9%AD%8F%E5%AE%A3%E6%AD%A6%E5%B8%9D
东魏孝静帝,/wiki/%E9%AD%8F%E5%AD%9D%E9%9D%99%E5%B8%9D
明昭宗,/wiki/%E6%B0%B8%E5%8E%86%E5%B8%9D
王莽,/wiki/%E7%8E%8B%E8%8E%BD
曹芳,/wiki/%E6%9B%B9%E8%8A%B3
刘晟,/wiki/%E5%8A%89%E6%99%9F_(%E5%8D%97%E6%BC%A2)
金熙宗,/wiki/%E9%87%91%E7%86%99%E5%AE%97
宋哲宗,/wiki/%E5%AE%8B%E5%93%B2%E5%AE%97
唐僖宗,/wiki/%E5%94%90%E5%83%96%E5%AE%97
唐宪宗,/wiki/%E5%94%90%E5%AE%AA%E5%AE%97
李煜,/wiki/%E6%9D%8E%E7%85%9C
武则天,/wiki/%E6%AD%A6%E5%89%87%E5%A4%A9
魏明元帝,/wiki/%E9%AD%8F%E6%98%8E%E5%85%83%E5%B8%9D
北汉睿宗,/wiki/%E5%8C%97%E6%B1%89%E7%9D%BF%E5%AE%97
隋明帝,/wiki/%E9%9A%8B%E6%98%8E%E5%B8%9D
石虎,/wiki/%E7%9F%B3%E8%99%8E
唐懿宗,/wiki/%E5%94%90%E6%87%BF%E5%AE%97
石勒,/wiki/%E7%9F%B3%E5%8B%92
清穆宗,/wiki/%E6%B8%85%E7%A9%86%E5%AE%97
辽景宗,/wiki/%E8%BE%BD%E6%99%AF%E5%AE%97
汉昭帝,/wiki/%E6%B1%89%E6%98%AD%E5%B8%9D
唐宣宗,/wiki/%E5%94%90%E5%AE%A3%E5%AE%97
唐文宗,/wiki/%E5%94%90%E6%96%87%E5%AE%97
魏孝明帝,/wiki/%E9%AD%8F%E5%AD%9D%E6%98%8E%E5%B8%9D
吕光,/wiki/%E5%90%95%E5%85%89
清世宗,/wiki/%E6%B8%85%E4%B8%96%E5%AE%97
魏文成帝,/wiki/%E9%AD%8F%E6%96%87%E6%88%90%E5%B8%9D
汉章帝,/wiki/%E6%B1%89%E7%AB%A0%E5%B8%9D
魏明帝,/wiki/%E9%AD%8F%E6%98%8E%E5%B8%9D
刘𬬮,/wiki/%E5%88%98%E9%8B%B9
元成宗,/wiki/%E5%85%83%E6%88%90%E5%AE%97
慕容垂,/wiki/%E6%85%95%E5%AE%B9%E5%9E%82
齐后主,/wiki/%E9%BD%90%E5%90%8E%E4%B8%BB
韩林儿,/wiki/%E9%9F%A9%E6%9E%97%E5%84%BF
完颜亮,/wiki/%E5%AE%8C%E9%A2%9C%E4%BA%AE
金太宗,/wiki/%E9%87%91%E5%A4%AA%E5%AE%97
清文宗,/wiki/%E6%B8%85%E6%96%87%E5%AE%97
公孙述,/wiki/%E5%85%AC%E5%AD%99%E8%BF%B0
齐武帝,/wiki/%E9%BD%90%E6%AD%A6%E5%B8%9D
秦始皇,/wiki/%E7%A7%A6%E5%A7%8B%E7%9A%87
宋世祖,/wiki/%E5%AE%8B%E5%AD%9D%E6%AD%A6%E5%B8%9D
慕容儁,/wiki/%E6%85%95%E5%AE%B9%E5%84%81
慕容皝,/wiki/%E6%85%95%E5%AE%B9%E7%9A%9D
前蜀高祖,/wiki/%E5%89%8D%E8%9C%80%E9%AB%98%E7%A5%96
刘继元,/wiki/%E5%88%98%E7%BB%A7%E5%85%83
慕容𬀩,/wiki/%E6%85%95%E5%AE%B9%E6%9A%90
朱友贞,/wiki/%E6%A2%81%E6%9C%AB%E5%B8%9D
后金太祖,/wiki/%E5%90%8E%E9%87%91%E5%A4%AA%E7%A5%96
辽太祖,/wiki/%E8%BE%BD%E5%A4%AA%E7%A5%96
金宣宗,/wiki/%E9%87%91%E5%AE%A3%E5%AE%97
金哀宗,/wiki/%E9%87%91%E5%93%80%E5%AE%97
刘曜,/wiki/%E5%88%98%E6%9B%9C
吴睿帝,/wiki/%E6%A5%8A%E6%BA%A5_(%E5%8D%81%E5%9C%8B)
宋度宗,/wiki/%E5%AE%8B%E5%BA%A6%E5%AE%97
明宣宗,/wiki/%E6%98%8E%E5%AE%A3%E5%AE%97
齐文宣帝,/wiki/%E9%BD%90%E6%96%87%E5%AE%A3%E5%B8%9D
元仁宗,/wiki/%E5%85%83%E4%BB%81%E5%AE%97
徐寿辉,/wiki/%E5%BE%90%E5%AF%BF%E8%BE%89
王延钧,/wiki/%E7%8E%8B%E5%BB%B6%E9%92%A7
金太祖,/wiki/%E9%87%91%E5%A4%AA%E7%A5%96
唐睿宗,/wiki/%E5%94%90%E7%9D%BF%E5%AE%97
唐高祖,/wiki/%E5%94%90%E9%AB%98%E7%A5%96
刘聪,/wiki/%E5%88%98%E8%81%AA_(%E6%B1%89%E8%B5%B5)
慕容德,/wiki/%E6%85%95%E5%AE%B9%E5%BE%B7
慕容永,/wiki/%E6%85%95%E5%AE%B9%E6%B0%B8
苻登,/wiki/%E8%8B%BB%E7%99%BB
姚苌,/wiki/%E5%A7%9A%E8%8B%8C
唐明宗,/wiki/%E5%94%90%E6%98%8E%E5%AE%97
前蜀后主,/wiki/%E5%89%8D%E8%9C%80%E5%90%8E%E4%B8%BB
汉太祖,/wiki/%E6%B1%89%E5%A4%AA%E7%A5%96
汉惠帝,/wiki/%E6%B1%89%E6%83%A0%E5%B8%9D
刘豫,/wiki/%E5%88%98%E8%B1%AB
明熹宗,/wiki/%E6%98%8E%E7%86%B9%E5%AE%97
明代宗,/wiki/%E6%99%AF%E6%B3%B0%E5%B8%9D
梁宣帝,/wiki/%E6%A2%81%E5%AE%A3%E5%B8%9D
陈后主,/wiki/%E9%99%88%E5%90%8E%E4%B8%BB
陈文帝,/wiki/%E9%99%88%E6%96%87%E5%B8%9D
晋废帝,/wiki/%E6%99%8B%E5%BA%9F%E5%B8%9D
宋太宗,/wiki/%E5%AE%8B%E6%98%8E%E5%B8%9D
魏献文帝,/wiki/%E9%AD%8F%E7%8C%AE%E6%96%87%E5%B8%9D
唐武宗,/wiki/%E5%94%90%E6%AD%A6%E5%AE%97
汉哀帝,/wiki/%E6%B1%89%E5%93%80%E5%B8%9D
慕容熙,/wiki/%E6%85%95%E5%AE%B9%E7%86%99
刘渊,/wiki/%E5%88%98%E6%B8%8A
孙亮,/wiki/%E5%AD%99%E4%BA%AE
孙休,/wiki/%E5%AD%99%E4%BC%91
曹丕,/wiki/%E6%9B%B9%E4%B8%95
曹髦,/wiki/%E6%9B%B9%E9%AB%A6
冯弘,/wiki/%E5%86%AF%E5%BC%98
唐肃宗,/wiki/%E5%94%90%E8%82%83%E5%AE%97
唐中宗,/wiki/%E5%94%90%E4%B8%AD%E5%AE%97
石敬瑭,/wiki/%E7%9F%B3%E6%95%AC%E7%91%AD
明穆宗,/wiki/%E6%98%8E%E7%A9%86%E5%AE%97
后周世宗,/wiki/%E5%91%A8%E4%B8%96%E5%AE%97
南唐烈祖,/wiki/%E6%9D%8E%E6%98%AA
汉平帝,/wiki/%E6%B1%89%E5%B9%B3%E5%B8%9D
魏元帝,/wiki/%E6%9B%B9%E5%A5%82
宋光宗,/wiki/%E5%AE%8B%E5%85%89%E5%AE%97
明升,/wiki/%E6%98%8E%E5%8D%87
李寿,/wiki/%E6%9D%8E%E5%AF%BF
刘昱,/wiki/%E5%8A%89%E6%98%B1
朱温,/wiki/%E6%9C%B1%E6%B8%A9
王延羲,/wiki/%E7%8E%8B%E5%BB%B6%E7%BE%B2
元泰定帝,/wiki/%E5%85%83%E6%B3%B0%E5%AE%9A%E5%B8%9D
完颜永济,/wiki/%E5%AE%8C%E9%A2%9C%E6%B0%B8%E6%B5%8E
晋元帝,/wiki/%E6%99%8B%E5%85%83%E5%B8%9D
晋怀帝,/wiki/%E6%99%8B%E6%80%80%E5%B8%9D
慕容超,/wiki/%E6%85%95%E5%AE%B9%E8%B6%85
石重贵,/wiki/%E7%9F%B3%E9%87%8D%E8%B4%B5
西汉前少帝,/wiki/%E8%A5%BF%E6%B1%89%E5%89%8D%E5%B0%91%E5%B8%9D
西汉后少帝,/wiki/%E5%88%98%E5%BC%98
辽世宗,/wiki/%E8%BE%BD%E4%B8%96%E5%AE%97
苻健,/wiki/%E8%8B%BB%E5%81%A5
明惠宗,/wiki/%E5%BB%BA%E6%96%87%E5%B8%9D
唐穆宗,/wiki/%E5%94%90%E7%A9%86%E5%AE%97
刘旻,/wiki/%E5%88%98%E6%97%BB
宋英宗,/wiki/%E5%AE%8B%E8%8B%B1%E5%AE%97
齐明帝,/wiki/%E9%BD%90%E6%98%8E%E5%B8%9D
王继鹏,/wiki/%E7%8E%8B%E7%BB%A7%E9%B9%8F
元文宗,/wiki/%E5%85%83%E6%96%87%E5%AE%97
元武宗,/wiki/%E5%85%83%E6%AD%A6%E5%AE%97
秦宗权,/wiki/%E7%A7%A6%E5%AE%97%E6%9D%83
晋哀帝,/wiki/%E6%99%8B%E5%93%80%E5%B8%9D
晋愍帝,/wiki/%E6%99%8B%E6%84%8D%E5%B8%9D
齐武成帝,/wiki/%E9%BD%90%E6%AD%A6%E6%88%90%E5%B8%9D
李期,/wiki/%E6%9D%8E%E6%9C%9F
李势,/wiki/%E6%9D%8E%E5%8A%BF
王延政,/wiki/%E7%8E%8B%E5%BB%B6%E6%94%BF
陈友谅,/wiki/%E9%99%88%E5%8F%8B%E8%B0%85
明玉珍,/wiki/%E6%98%8E%E7%8E%89%E7%8F%8D
元英宗,/wiki/%E5%85%83%E8%8B%B1%E5%AE%97
秦二世,/wiki/%E7%A7%A6%E4%BA%8C%E4%B8%96
孺子婴,/wiki/%E5%AD%BA%E5%AD%90%E5%A9%B4
溥仪,/wiki/%E6%BA%A5%E5%84%80
郭威,/wiki/%E9%83%AD%E5%A8%81
萧宝卷,/wiki/%E8%90%A7%E5%AE%9D%E5%8D%B7
唐庄宗,/wiki/%E5%94%90%E5%BA%84%E5%AE%97
唐哀帝,/wiki/%E5%94%90%E5%93%80%E5%B8%9D
元廓,/wiki/%E5%85%83%E5%BB%93
元钦,/wiki/%E5%85%83%E9%92%A6
赫连定,/wiki/%E8%B5%AB%E8%BF%9E%E5%AE%9A
赫连昌,/wiki/%E8%B5%AB%E8%BF%9E%E6%98%8C
晋明帝,/wiki/%E6%99%8B%E6%98%8E%E5%B8%9D
唐敬宗,/wiki/%E5%94%90%E6%95%AC%E5%AE%97
唐末帝,/wiki/%E5%94%90%E6%9C%AB%E5%B8%9D
刘承祐,/wiki/%E5%8A%89%E6%89%BF%E7%A5%90
慕容盛,/wiki/%E6%85%95%E5%AE%B9%E7%9B%9B
吴世璠,/wiki/%E5%90%B4%E4%B8%96%E7%92%A0
萧道成,/wiki/%E8%90%A7%E9%81%93%E6%88%90
魏孝庄帝,/wiki/%E9%AD%8F%E5%AD%9D%E5%BA%84%E5%B8%9D
魏孝武帝,/wiki/%E9%AD%8F%E5%AD%9D%E6%AD%A6%E5%B8%9D
周明帝,/wiki/%E5%91%A8%E6%98%8E%E5%B8%9D
刘守光,/wiki/%E5%88%98%E5%AE%88%E5%85%89
李希烈,/wiki/%E6%9D%8E%E5%B8%8C%E7%83%88
史思明,/wiki/%E5%8F%B2%E6%80%9D%E6%98%8E
冉闵,/wiki/%E5%86%89%E9%97%B5
吕隆,/wiki/%E5%90%95%E9%9A%86
高绍义,/wiki/%E9%AB%98%E7%BB%8D%E4%B9%89
陈伯宗,/wiki/%E9%99%88%E4%BC%AF%E5%AE%97
晋康帝,/wiki/%E6%99%8B%E5%BA%B7%E5%B8%9D
慕容云,/wiki/%E6%85%95%E5%AE%B9%E4%BA%91
慕容宝,/wiki/%E6%85%95%E5%AE%B9%E5%AE%9D
张献忠,/wiki/%E5%BC%A0%E7%8C%AE%E5%BF%A0
梁元帝,/wiki/%E6%A2%81%E5%85%83%E5%B8%9D
梁简文帝,/wiki/%E6%A2%81%E7%AE%80%E6%96%87%E5%B8%9D
梁敬帝,/wiki/%E6%A2%81%E6%95%AC%E5%B8%9D
萧琮,/wiki/%E8%90%A7%E7%90%AE
萧庄,/wiki/%E8%90%A7%E5%BA%84
汉更始帝,/wiki/%E6%B1%89%E6%9B%B4%E5%A7%8B%E5%B8%9D
汉烈祖,/wiki/%E6%B1%89%E7%83%88%E7%A5%96
宋少帝,/wiki/%E5%AE%8B%E5%B0%91%E5%B8%9D
宋顺帝,/wiki/%E5%AE%8B%E9%A1%BA%E5%B8%9D
王世充,/wiki/%E7%8E%8B%E4%B8%96%E5%85%85
安庆绪,/wiki/%E5%AE%89%E5%BA%86%E7%BB%AA
宋端宗,/wiki/%E5%AE%8B%E7%AB%AF%E5%AE%97
宋恭帝,/wiki/%E5%AE%8B%E6%81%AD%E5%B8%9D
周静帝,/wiki/%E5%91%A8%E9%9D%99%E5%B8%9D
苻生,/wiki/%E8%8B%BB%E7%94%9F
宋高祖,/wiki/%E5%AE%8B%E6%AD%A6%E5%B8%9D
陈武帝,/wiki/%E9%99%88%E6%AD%A6%E5%B8%9D
史朝义,/wiki/%E5%8F%B2%E6%9C%9D%E4%B9%89
晋恭帝,/wiki/%E6%99%8B%E6%81%AD%E5%B8%9D
刘子业,/wiki/%E5%88%98%E5%AD%90%E4%B8%9A
刘盆子,/wiki/%E5%88%98%E7%9B%86%E5%AD%90
姚泓,/wiki/%E5%A7%9A%E6%B3%93
仲家,/wiki/%E4%BB%B2%E5%AE%B6_(%E4%B8%9C%E6%B1%89)
袁术,/wiki/%E8%A2%81%E6%9C%AF
董昌,/wiki/%E8%91%A3%E6%98%8C
萧纪,/wiki/%E8%90%A7%E7%BA%AA
魏节闵帝,/wiki/%E9%AD%8F%E8%8A%82%E9%97%B5%E5%B8%9D
汉质帝,/wiki/%E6%B1%89%E8%B4%A8%E5%B8%9D
宋钦宗,/wiki/%E5%AE%8B%E9%92%A6%E5%AE%97
齐孝昭帝,/wiki/%E9%BD%90%E5%AD%9D%E6%98%AD%E5%B8%9D
石弘,/wiki/%E7%9F%B3%E5%BC%98
石祗,/wiki/%E7%9F%B3%E7%A5%97
苻丕,/wiki/%E8%8B%BB%E4%B8%95
吕纂,/wiki/%E5%90%95%E7%BA%82
慕容冲,/wiki/%E6%85%95%E5%AE%B9%E5%86%B2
明绍宗,/wiki/%E9%9A%86%E6%AD%A6%E5%B8%9D
李自成,/wiki/%E6%9D%8E%E8%87%AA%E6%88%90
齐和帝,/wiki/%E9%BD%90%E5%92%8C%E5%B8%9D
萧昭业,/wiki/%E8%90%A7%E6%98%AD%E4%B8%9A
后汉高祖,/wiki/%E5%90%8E%E6%B1%89%E9%AB%98%E7%A5%96
明安宗,/wiki/%E5%BC%98%E5%85%89%E5%B8%9D
安禄山,/wiki/%E5%AE%89%E7%A6%84%E5%B1%B1
皇泰主,/wiki/%E7%9A%87%E6%B3%B0%E4%B8%BB
宋幼主,/wiki/%E8%B5%B5%E6%98%BA
刘玢,/wiki/%E5%8A%89%E7%8E%A2
明仁宗,/wiki/%E6%98%8E%E4%BB%81%E5%AE%97
周宣帝,/wiki/%E5%91%A8%E5%AE%A3%E5%B8%9D
高殷,/wiki/%E9%AB%98%E6%AE%B7
晋简文帝,/wiki/%E6%99%8B%E7%AE%80%E6%96%87%E5%B8%9D
朱友珪,/wiki/%E6%9C%B1%E5%8F%8B%E7%8F%AA
拓跋余,/wiki/%E6%8B%93%E8%B7%8B%E4%BD%99
天皇,/wiki/%E5%A4%A9%E7%9A%87_(%E6%9C%B1%E6%B3%9A)
朱泚,/wiki/%E6%9C%B1%E6%B3%9A
刘懿,/wiki/%E5%88%98%E6%87%BF
北魏安定王,/wiki/%E5%85%83%E6%9C%97_(%E5%AE%89%E5%AE%9A%E7%8E%8B)
刘子勋,/wiki/%E5%8A%89%E5%AD%90%E5%8B%9B
汉殇帝,/wiki/%E6%BC%A2%E6%AE%A4%E5%B8%9D
杨浩,/wiki/%E6%9D%A8%E6%B5%A9
吴周太祖,/wiki/%E5%90%B3%E5%91%A8%E5%A4%AA%E7%A5%96
后周恭帝,/wiki/%E5%91%A8%E6%81%AD%E5%B8%9D
唐顺宗,/wiki/%E5%94%90%E9%A1%BA%E5%AE%97
元明宗,/wiki/%E5%85%83%E6%98%8E%E5%AE%97
陈理,/wiki/%E9%99%88%E7%90%86_(%E5%85%83%E6%9C%AB)
石遵,/wiki/%E7%9F%B3%E9%81%B5
杨侑,/wiki/%E6%A5%8A%E4%BE%91
孟知祥,/wiki/%E5%AD%9F%E7%9F%A5%E7%A5%A5
桓玄,/wiki/%E6%A1%93%E7%8E%84
耶律雅里,/wiki/%E8%80%B6%E5%BE%8B%E9%9B%85%E9%87%8C
汉冲帝,/wiki/%E6%B1%89%E5%86%B2%E5%B8%9D
唐闵帝,/wiki/%E5%94%90%E9%96%94%E5%B8%9D
宇文化及,/wiki/%E5%AE%87%E6%96%87%E5%8C%96%E5%8F%8A
侯景,/wiki/%E4%BE%AF%E6%99%AF
东汉后少帝,/wiki/%E5%8A%89%E8%BE%AF
光熹,/wiki/%E5%85%89%E7%86%B9
昭宁,/wiki/%E6%98%AD%E5%AF%A7
萧正德,/wiki/%E8%90%A7%E6%AD%A3%E5%BE%B7
萧渊明,/wiki/%E8%90%A7%E6%B8%8A%E6%98%8E
司马伦,/wiki/%E5%8F%B8%E9%A9%AC%E4%BC%A6
元晔,/wiki/%E5%85%83%E6%99%94
李班,/wiki/%E6%9D%8E%E7%8F%AD_(%E6%88%90%E6%B1%89)
石鉴,/wiki/%E7%9F%B3%E9%89%B4
苻崇,/wiki/%E8%8B%BB%E5%B4%87
慕容忠,/wiki/%E6%85%95%E5%AE%B9%E5%BF%A0
耶律淳,/wiki/%E8%80%B6%E5%BE%8B%E6%B7%B3
萧栋,/wiki/%E8%90%A7%E6%A0%8B
萧昭文,/wiki/%E8%90%A7%E6%98%AD%E6%96%87
刘劭,/wiki/%E5%88%98%E5%8A%AD_(%E5%88%98%E5%AE%8B)
刘继恩,/wiki/%E5%88%98%E7%BB%A7%E6%81%A9
刘粲,/wiki/%E5%88%98%E7%B2%B2
耶律术烈,/wiki/%E8%80%B6%E5%BE%8B%E6%9C%AE%E7%83%88
元颢,/wiki/%E5%85%83%E9%A2%A2
元宁宗,/wiki/%E5%85%83%E5%AE%81%E5%AE%97
李缜,/wiki/%E6%9D%8E%F0%A5%99%BF
元钊,/wiki/%E5%85%83%E9%87%97
尔朱荣,/wiki/%E7%88%BE%E6%9C%B1%E6%A6%AE
灵太后,/wiki/%E5%AE%A3%E6%AD%A6%E9%9D%88%E7%9A%87%E5%90%8E
元愉,/wiki/%E5%85%83%E6%84%89
张邦昌,/wiki/%E5%BC%A0%E9%82%A6%E6%98%8C
阿速吉八,/wiki/%E9%98%BF%E9%80%9F%E5%90%89%E5%85%AB
绍武帝,/wiki/%E7%B4%B9%E6%AD%A6%E5%B8%9D
明光宗,/wiki/%E6%98%8E%E5%85%89%E5%AE%97
泰昌,/wiki/%E6%B3%B0%E6%98%8C
赵旉,/wiki/%E8%B5%B5%E6%97%89
西汉,/wiki/%E8%A5%BF%E6%BC%A2
刘贺,/wiki/%E5%88%98%E8%B4%BA
高恒,/wiki/%E9%AB%98%E6%81%86
石世,/wiki/%E7%9F%B3%E4%B8%96
唐殇帝,/wiki/%E5%94%90%E6%AE%87%E5%B8%9D
元法僧,/wiki/%E5%85%83%E6%B3%95%E5%83%A7
高湝,/wiki/%E9%AB%98%E6%B9%9D
吕绍,/wiki/%E5%90%95%E7%BB%8D
慕容瑶,/wiki/%E6%85%95%E5%AE%B9%E7%91%A4
汉赵,/wiki/%E6%B1%89%E8%B5%B5
刘和,/wiki/%E5%8A%89%E5%92%8C_(%E6%BC%A2%E8%B6%99)
高延宗,/wiki/%E9%AB%98%E5%BB%B6%E5%AE%97
元氏,/wiki/%E5%85%83%E6%B0%8F_(%E9%AD%8F%E5%AD%9D%E6%98%8E%E5%B8%9D%E5%A5%B3)
完颜承麟,/wiki/%E5%AE%8C%E9%A1%8F%E6%89%BF%E9%BA%9F
武丁,/wiki/%E6%AD%A6%E4%B8%81
武乙,/wiki/%E6%AD%A6%E4%B9%99
纣王,/wiki/%E7%BA%A3%E7%8E%8B
周穆王,/wiki/%E5%91%A8%E7%A9%86%E7%8E%8B
周厉王,/wiki/%E5%91%A8%E5%8E%89%E7%8E%8B
周宣王,/wiki/%E5%91%A8%E5%AE%A3%E7%8E%8B
周平王,/wiki/%E5%91%A8%E5%B9%B3%E7%8E%8B
周襄王,/wiki/%E5%91%A8%E8%A5%84%E7%8E%8B
周敬王,/wiki/%E5%91%A8%E6%95%AC%E7%8E%8B
周显王,/wiki/%E5%91%A8%E6%98%BE%E7%8E%8B
周赧王,/wiki/%E5%91%A8%E8%B5%A7%E7%8E%8B
秦昭襄王,/wiki/%E7%A7%A6%E6%98%AD%E8%A5%84%E7%8E%8B
赵佗,/wiki/%E8%B6%99%E4%BD%97
嘉庆帝,/wiki/%E5%98%89%E5%BA%86%E5%B8%9D
